資料集名稱,資料來源,聯絡人,聯絡電話,資料說明
宜蘭縣殯葬設施一覽表,民政處_宗教禮俗科,林宜珍,(03)925-1000,目前宜蘭縣提供宜蘭縣殯葬設施一覽表
宜蘭縣最新人口數及戶數統計表,民政處_戶政科,賴建勳,(03)925-1000,宜蘭縣人口數及戶數統計表
宜蘭縣縣有財產量值目錄,財政處_公有財產科,黃逢時,(03)925-1000,當年度宜蘭縣縣有財產量值目錄
宜蘭縣政府107年度歲入預算執行情形表,財政處_財務管理科,蔡瑾怡,(03)925-1000,提供宜蘭縣政府當年度各月份歲入預算執行情形表
106年度宜蘭縣總預算歲入來源別預算表,財政處_財務管理科,蔡瑾怡,(03)925-1000,提供宜蘭縣當年度歲入總預算編列情形表
公告宜蘭縣政府公共債務情形,財政處_財務企劃科,顏秀卿,(03)925-1000,公告每月宜蘭縣政府公共債務資訊
公告宜蘭縣政府最新債務訊息,財政處_財務企劃科,顏秀卿,(03)925-1000,公告宜蘭縣政府最新債務訊息各月統計表
宜蘭縣政府93年至105年歲入出及公共債務明細表,財政處_財務企劃科,顏秀卿,(03)925-1000,宜蘭縣政府93年至105年歲入出及公共債務明細表
宜蘭縣市區客運站位經緯度,建設處_公共運輸科,李長晃,(03)925-1000,宜蘭縣市區客運站位經緯度
宜蘭縣市區客運路線線型經緯度,建設處_公共運輸科,李長晃,(03)925-1000,宜蘭縣市區客運路線線型經緯度
宜蘭縣假日開放停車場與廁所學校一覽表,教育處_教育資源管理科,吳怡,(03)925-1000,目前宜蘭縣假日開放停車場與廁所學校一覽表
宜蘭縣通過認證環境教育場所認證情形表,教育處_體育保健科,梁璋玲,(03)925-1000,本縣累積取得環境教育設施場所認證計11所，武荖坑環境教育中心、深溝水源生態園區、羅東自然教育中心、臺灣戲劇館、宜蘭縣利澤垃圾資源回收（焚化）廠、頭城農場、芳香植物博物館（香草菲菲）、蘭陽博物館、宜蘭縣無尾港環境學習中心、員山生態教育館及雙連埤生態教室。
宜蘭縣村里資訊站及村里混裝數位機會中心,計畫處_資訊應用科,何瀛州,(03)925-1000,村里資訊站及村里混裝數位機會中心點位資訊
宜蘭縣免費無線熱點,計畫處_資訊應用科,何瀛州,(03)925-1000,目前宜蘭縣提供無線網路點位清單一覽表
政府行政機關辦公日曆表,人事處_人力科,蕭秀娟,(03)925-1000,提供行政院人事行政總處訂定每年行政機關辦公日曆表
宜蘭縣公費流感抗病毒藥劑合約院所名冊,衛生局_疾病管制科,范嘉琪,(03)925-1000,宜蘭縣公費流感抗病毒藥劑合約配置點一覽表
結核病個案、接觸者及潛伏結核感染治療個案管理統計報表,衛生局_疾病管制科,林宜姿,(03)925-1000,依據疾病管制署資料提供宜蘭縣結核病案數等資訊
宜蘭縣勞工一般、特殊、巡迴體格與健康檢查認可之醫療機構,衛生局_保健科,陳雅雯,(03)925-1000,105年宜蘭縣勞工一般、特殊、巡迴體格及健康檢查指定醫院名冊
宜蘭縣健康促進醫院(HPH國際網絡認證)機構名單,衛生局_保健科,曹錦蘭,(03)925-1000,宜蘭縣6家健康促進醫院(HPH國際網絡認證)機構名單
醫政違規案件統計,衛生局_醫政科,邱美玉,(03)925-1000,年度醫政違規案件統計
宜蘭縣醫療機構地址電話名冊,衛生局_醫政科,邱美玉,(03)925-1000,宜蘭縣內診所名冊
宜蘭縣產後護理之家,衛生局_醫政科,邱美玉,(03)925-1000,宜蘭縣產後護理之家名冊
宜蘭縣各急救責任醫院概況,衛生局_醫政科,葉健芬,(03)925-1000,7家急救責任醫院名稱
宜蘭縣心理資源,衛生局_心理衛生及毒品防制科,邱麗蓉,(03)925-1000,宜蘭縣心理衛生資源現況
指定藥癮戒治機構,衛生局_心理衛生及毒品防制科,蔡美英,(03)925-1000,宜蘭縣指定藥癮戒治機構
宜蘭縣藥局名冊,衛生局_食品藥物管理科,張文虹,(03)925-1000,目前宜蘭縣藥局一覽表
宜蘭縣餐飲業衛生優良評核名單,衛生局_食品藥物管理科,黃美珠,(03)925-1000,宜蘭縣餐飲業衛生優良評核名單
宜蘭縣餐盒業衛生優良評核名單,衛生局_食品藥物管理科,黃美珠,(03)925-1000,宜蘭縣餐盒業衛生優良評核名單
宜蘭縣烘焙業衛生優良評核名單,衛生局_食品藥物管理科,黃美珠,(03)925-1000,宜蘭縣烘焙業衛生優良評核名單
宜蘭縣一般護理之家,長期照護服務管理所_長照服務組,何淑遠,(03)925-1000,目前宜蘭縣一般護理之家名單一覽表
宜蘭縣居家護理所名單,長期照護服務管理所_長照服務組,何淑遠,(03)925-1000,目前宜蘭縣居家護理所名單一覽表
宜蘭縣立案老人長期照顧及安養機構名冊,長期照護服務管理所_長照服務組,李佺璟,(03)925-1000,目前宜蘭縣立案老人長期照顧及安養機構名冊一覽表
宜蘭縣測速及闖紅燈固定桿設置地點,警察局_交通隊,陳俊吉,(03)925-1000,目前宜蘭縣提供測速及闖紅燈固定桿設置地點清單一覽表
宜蘭縣路口監錄系統設置地點,警察局_保安科,蔡佳雯,(03)925-1000,94至106年宜蘭縣路口監錄系統設置地點一覽表
宜蘭縣政府警察局及各分局、分駐(派出)所地址及電話,警察局_資訊科,林佳民,(03)925-1000,警察局及各分局、分駐(派出)所地址及電話一覽表
宜蘭縣政府地方稅務局保有及管理個人資料項目彙整表,地方稅務局_資訊管理科,洪祖凱,(03)925-1000,宜蘭縣政府地方稅務局保有個人資料之項目及管理單位
宜蘭縣繳稅方式,地方稅務局_企劃服務科,許甘靜,(03)932-5101轉101,提供地方稅繳稅方式適用範圍、適用期間、適用對象、操作程序、納稅人負擔手續費等資訊
宜蘭縣政府地方稅務局行事曆,地方稅務局_企劃服務科,許甘靜,(03)932-5101轉101,提供宜蘭縣政府地方稅務局行事曆
宜蘭縣政府消防局各單位通訊錄,消防局_人事室,林怡伶,(03)925-1000,提供宜蘭縣政府消防局各單位最新之通訊錄供所需單位或民眾參閱
宜蘭縣政府燃氣熱水器承裝業技術士名冊,消防局_災害預防科,林芫茂,(03)925-1000,合格燃氣熱水器承裝業者所屬技術士
宜蘭縣政府燃氣熱水器承裝業名冊,消防局_災害預防科,林芫茂,(03)925-1000,燃氣熱水器承裝業者須向本局申請核可承裝業，方得安裝
消防安全檢查重大不合格場所一覽表,消防局_災害預防科,張華偉,(03)925-1000,營業場所經消防安全檢查不合格，於限改期限後，複查仍未改善者且舉發裁處在案者
曾發生溺水地點,消防局_災害搶救科,藍文宏,(03)925-1000,目前宜蘭縣各水域曾經發生溺水案件並造成民眾死亡之清單一覽表
搶救不易狹小窄道清冊,消防局_災害搶救科,陳梅齡,(03)925-1000,目前宜蘭縣狹小巷道清冊一覽表
105年1月份已登記公私有土地筆數面積統計表,宜蘭地政事務所_登記課,黃首輝,(03)925-1000,宜蘭地政事務所轄區內已登記公私有土地筆數面積統計表
105年2月份已登記公私有土地筆數面積統計表,宜蘭地政事務所_登記課,黃首輝,(03)925-1000,宜蘭地政事務所轄區內已登記公私有土地筆數面積統計表
105年3月份已登記公私有土地筆數面積統計表,宜蘭地政事務所_登記課,黃首輝,(03)925-1000,宜蘭地政事務所轄區內已登記公私有土地筆數面積統計表
105年4月份已登記公私有土地筆數面積統計表,宜蘭地政事務所_登記課,黃首輝,(03)925-1000,宜蘭地政事務所轄區內已登記公私有土地筆數面積統計表
105年5月份已登記公私有土地筆數面積統計表,宜蘭地政事務所_登記課,黃首輝,(03)925-1000,宜蘭地政事務所轄區內已登記公私有土地筆數面積統計表
105年6月份已登記公私有土地筆數面積統計表,宜蘭地政事務所_登記課,黃首輝,(03)925-1000,宜蘭地政事務所轄區內已登記公私有土地筆數面積統計表
105年7月份已登記公私有土地筆數面積統計表,宜蘭地政事務所_登記課,黃首輝,(03)925-1000,宜蘭地政事務所轄區內已登記公私有土地筆數面積統計表
105年8月份已登記公私有土地筆數面積統計表,宜蘭地政事務所_登記課,黃首輝,(03)925-1000,宜蘭地政事務所轄區內已登記公私有土地筆數面積統計表
105年9月份已登記公私有土地筆數面積統計表,宜蘭地政事務所_登記課,黃首輝,(03)925-1000,宜蘭地政事務所轄區內已登記公私有土地筆數面積統計表
105年10月份已登記公私有土地筆數面積統計表,宜蘭地政事務所_登記課,黃首輝,(03)925-1000,宜蘭地政事務所轄區內已登記公私有土地筆數面積統計表
105年11月份已登記公私有土地筆數面積統計表,宜蘭地政事務所_登記課,黃首輝,(03)925-1000,宜蘭地政事務所轄區內已登記公私有土地筆數面積統計表
105年4月份土地及建物登記管理統計表,宜蘭地政事務所_登記課,黃首輝,(03)925-1000,宜蘭地政事務所轄區內土地及建物登記管理統計表
105年5月份土地及建物登記管理統計表,宜蘭地政事務所_登記課,黃首輝,(03)925-1000,宜蘭地政事務所轄區內土地及建物登記管理統計表
105年6月份土地及建物登記管理統計表,宜蘭地政事務所_登記課,黃首輝,(03)925-1000,宜蘭地政事務所轄區內土地及建物登記管理統計表
105年7月份土地及建物登記管理統計表,宜蘭地政事務所_登記課,黃首輝,(03)925-1000,宜蘭地政事務所轄區內土地及建物登記管理統計表
105年8月份土地及建物登記管理統計表,宜蘭地政事務所_登記課,黃首輝,(03)925-1000,宜蘭地政事務所轄區內土地及建物登記管理統計表
105年9月份土地及建物登記管理統計表,宜蘭地政事務所_登記課,黃首輝,(03)925-1000,宜蘭地政事務所轄區內土地及建物登記管理統計表
105年10月份土地及建物登記管理統計表,宜蘭地政事務所_登記課,黃首輝,(03)925-1000,宜蘭地政事務所轄區內土地及建物登記管理統計表
105年11月份土地及建物登記管理統計表,宜蘭地政事務所_登記課,黃首輝,(03)925-1000,宜蘭地政事務所轄區內土地及建物登記管理統計表
羅東地政_103年已登記公私有土地筆數面積統計表,羅東地政事務所_登記課,林清富,(03)925-1000,羅東地政_103年已登記公私有土地筆數面積統計表
羅東地政_104年已登記公私有土地筆數面積統計表,羅東地政事務所_登記課,林清富,(03)925-1000,羅東地政_104年已登記公私有土地筆數面積統計表
宜蘭縣工會組織名冊,勞工處_勞動行政科,楊興中,(03)925-1000,宜蘭縣工會組織名冊
宜蘭縣就業服務平台一覽表,勞工處_青年及就業職訓科,黃冠綸,(03)925-1000,宜蘭縣就業服務平台一覽表
宜蘭縣視障按摩業者資料一覽表,勞工處_勞動行政科,楊恂涵,(03)925-1000,宜蘭縣視障按摩業者資料一覽表
宜蘭縣私立就業服務機構名冊,勞工處_勞動行政科,林芳沂,(03)925-1000,宜蘭縣私立就業服務機構基本資料
宜蘭縣旅館名冊,工商旅遊處_觀光行銷科,林建國,(03)925-1000,宜蘭縣內已申請核准之旅館名冊
宜蘭縣短期補習班,教育處_多元教育科,黃惠珍,(03)925-1000,宜蘭縣短期補習班
宜蘭縣樂齡學習中心,教育處_多元教育科,候怡婷,(03)925-1000,宜蘭縣樂齡學習中心
宜蘭縣社區大學,教育處_多元教育科,許凱雯,(03)925-1000,宜蘭縣社區大學
宜蘭縣公立幼兒園,教育處_特殊及幼兒教育科,張育甄,(03)925-1000,宜蘭縣公立幼兒園
宜蘭縣私立幼兒園,教育處_特殊及幼兒教育科,張育甄,(03)925-1000,宜蘭縣私立幼兒園
宜蘭縣衛生所,衛生局_企劃科,林蔚良,(03)925-1000,宜蘭縣衛生所
宜蘭縣預防接種合約院所,衛生局_疾病管制科,劉玉蓮,(03)925-1000,宜蘭縣預防接種合約院所
宜蘭縣呼吸照護資源,衛生局_醫政科,邱美玉,(03)925-1000,宜蘭縣呼吸照護資源
宜蘭縣行政區救護車資源,衛生局_醫政科,葉健芬,(03)925-1000,宜蘭縣行政區救護車資源
宜蘭縣安心標章認證通過業者,衛生局_食品藥物管理科,王昱凱,(03)925-1000,宜蘭縣安心標章認證通過業者
宜蘭縣公共圖書館,文化局_文學及圖書資訊科,陳泓翔,(03)925-1000,宜蘭縣公共圖書館
宜蘭縣獨居長者關懷志工隊,社會處_老人及身障福利科,莊勝堯,(03)925-1000,宜蘭縣獨居長者關懷志工隊
宜蘭縣合法酒製造業者,財政處_金融菸酒科,陳財益,(03)925-1000,宜蘭縣合法酒製造業者
宜蘭縣偏遠地區移動式機車檢驗站機車定檢服務行程表,環保局_空氣噪音防制科,楊家騏,03-9907755#209,提供本年度宜蘭縣偏遠地區移動式機車檢驗站機車定檢服務行程表(CSV_XML_JSON格式)
宜蘭縣歷屆環境教育獎得獎名單,環保局_綜合計劃科,謝欣妤,03-9907755#158,宜蘭縣歷屆環境教育獎得獎名單
宜蘭縣土壤採樣計畫採樣次數資料,環保局_水污染防治科,潘莉雯,03-9907755#805,提供宜蘭縣土壤採樣計畫採樣次數資料(CSV_XML_JSON)
宜蘭縣取得事業廢棄物(廚餘)再利用檢核身分機構名冊,環保局_廢棄物管理科,劉雅芷,03-9907755#602,提供宜蘭縣取得事業廢棄物(廚餘)再利用檢核身分機構名冊(CSV_XML_JSON格式)
宜蘭縣利澤焚化廠位置資料,環保局_設施管理及檢驗科,蔡培民,03-03-9907755#602,宜蘭縣利澤焚化廠位置資料
宜蘭縣水肥清運業者經許可投入水肥處理站名冊,環保局_設施管理及檢驗科,林恆裕,03-9907755#606,宜蘭縣水肥清運業者經許可投入水肥處理站名冊
宜蘭縣4大水泥廠廢棄物再利用資料,環保局_設施管理及檢驗科,賴欽鵬,03-9907755#610,宜蘭縣4大水泥廠廢棄物再利用資料
宜蘭縣超商賣場廟宇紙錢集中門市名冊,環保局_空氣噪音防制科,林修毅,03-9907755#202,提供宜蘭縣105年超商賣場廟宇紙錢集中門市名冊(CSV_XML_JSON)
宜蘭縣政府第9屆環境影響評估審查委員會委員名冊,環保局_綜合計劃科,吳聰鈐,03-9907755#157,宜蘭縣政府第8屆環境影響評估審查委員會委員名冊
宜蘭縣各公所及清潔隊聯絡資料,環保局_廢棄物管理科,歐俊民,03-9907755#303,提供宜蘭縣各公所及清潔隊聯絡資料(CSV_XML_JSON)
宜蘭縣場置性地下水監測井基本資料,環保局_水污染防治科,潘莉雯,03-9907755#805,提供宜蘭縣場置性地下水監測井基本資料(CSV_XML_JSON)
宜蘭縣各公所歷年環境清潔競賽考核評比成績,環保局_廢棄物管理科,蕭雪霞,03-9907755#309,提供宜蘭縣各公所歷年環境清潔競賽考核評比成績(CSV_XML_JSON)
宜蘭縣柴油車排煙動力計檢測站基本資料,環保局_空氣噪音防制科,楊博植,03-03-9907755#207,提供宜蘭縣柴油車排煙動力計檢測站地點資訊(CSV_XML_JSON)
宜蘭縣依據噪音管制標準第八條公告噪音管制標準,環保局_空氣噪音防制科,楊博植,03-9907755#207,宜蘭縣依據噪音管制標準第八條公告噪音管制標準噪音管制標準第八條：其他經主管機關公告場所及風力發電機組以外之設施噪音管制標準值
宜蘭縣自辦港口水質監測結果,環保局_水污染防治科,游世雄,03-9907755#808,"採樣海域,採樣日期,採樣水深,pH,水溫,導電度,溶氧量,鹽度,生化需氧量,海水中化學需氧量,大腸桿菌群,油脂,酚類,懸浮固體,礦物性油脂,海水中鎘,海水中鉻,海水中六價鉻,海水中銅,海水中鐵,海水中錳,海水中鎳,海水中鉛,海水中鋅,汞,砷,達馬松,亞素靈,大利松,巴拉松,一品松,陶斯松"
噪音管制標準第二條：噪音管制時段區分說明,環保局_空氣噪音防制科,楊博植,03-9907755#207,噪音管制標準第二條：噪音管制時段區分說明
噪音管制標準第四條：工廠(場)噪音管制標準值,環保局_空氣噪音防制科,楊博植,03-9907755#207,噪音管制標準第四條：工廠(場)噪音管制標準值
噪音管制標準第五條：娛樂場所、營業場所噪音管制標準,環保局_空氣噪音防制科,楊博植,03-9907755#207,噪音管制標準第五條：娛樂場所、營業場所噪音管制標準
噪音管制標準第六條：營建工程噪音管制標準值,環保局_空氣噪音防制科,楊博植,03-9907755#207,噪音管制標準第六條：營建工程噪音管制標準值
噪音管制標準第七條：擴音設施噪音管制標準,環保局_空氣噪音防制科,楊博植,03-9907755#207,噪音管制標準第七條：擴音設施噪音管制標準
宜蘭縣依據噪音管制標準第八條公告噪音管制標準,環保局_空氣噪音防制科,楊博植,03-9907755#207,宜蘭縣依據噪音管制標準第八條公告噪音管制標準噪音管制標準第八條：其他經主管機關公告場所及風力發電機組以外之設施噪音管制標準值
宜蘭縣港口水質監測標準值,環保局_水污染防治科,游世雄,03-9907755#808,宜蘭縣港口水質監測標準值
宜蘭縣自辦海域水質監測結果,環保局_水污染防治科,游世雄,03-9907755#808,宜蘭縣自辦海域水質監測結果
宜蘭縣海域水質監測標準值,環保局_水污染防治科,游世雄,03-9907755#808,宜蘭縣海域水質監測標準值
宜蘭縣環境教育設施場所名冊,環保局_綜合計劃科,謝欣妤,03-9907755#153,宜蘭縣環境教育設施場所名冊
宜蘭縣再生家具販售目錄,環保局_設施管理及檢驗科,林恆裕,03-9907755#606,宜蘭縣環保局再生家具販售目錄，提供CSV、XML、JSON格式資料
宜蘭縣環保局公務統計報表下載,環保局_會計室,呂姁懌,03-9907755#553,宜蘭縣環保局公務統計報表下載
宜蘭縣資源回收物分類指引明細表,環保局_廢棄物管理科,黃心潔,03-9907755#306,宜蘭縣資源回收物分類指引明細表
宜蘭縣環保局申辦表單下載,環保局_空氣噪音防制科,江宜修,03-9907755#208,宜蘭縣環保局申辦表單下載
宜蘭縣垃圾衛生掩埋場進場量資料,環保局_設施管理及檢驗科,林恆裕,03-9907755#606,宜蘭縣垃圾衛生掩埋場進場量資料
宜蘭縣垃圾衛生掩埋場歷年地下水監測結果,環保局_設施管理及檢驗科,林恆裕,03-9907755#606,宜蘭縣垃圾衛生掩埋場歷年地下水監測結果
宜蘭縣垃圾衛生掩埋場地下水監測基準值,環保局_設施管理及檢驗科,林恆裕,03-9907755#606,宜蘭縣垃圾衛生掩埋場地下水監測基準值
宜蘭縣垃圾衛生掩埋場地下水監測井位置資料,環保局_設施管理及檢驗科,林恆裕,03-9907755#606,宜蘭縣垃圾衛生掩埋場地下水監測井位置資料
宜蘭縣垃圾掩埋場現況表,環保局_設施管理及檢驗科,林恆裕,03-9907755#606,宜蘭縣垃圾掩埋場現況表
宜蘭縣交通音量每季監測資料,環保局_空氣噪音防制科,楊博植,03-9907755#207,宜蘭縣交通音量每季監測資料
宜蘭縣一般地區環境音量每季監測資料,環保局_空氣噪音防制科,楊博植,03-9907755#207,宜蘭縣一般地區環境音量監測
宜蘭縣社區資源回收站資訊,環保局_廢棄物管理科,黃心潔,03-9907755#302,宜蘭縣社區資源回收站資訊
宜蘭縣環保旅店名冊,環保局_綜合計劃科,何淑寬,03-9907755#160,宜蘭縣環保旅店名冊
宜蘭縣生熟廚餘回收分類表,環保局_廢棄物管理科,黃心潔,03-9907755#306,宜蘭縣生熟廚餘回收分類表
宜蘭縣各鄉鎮市垃圾車APP清運點資料,環保局_設施管理及檢驗科,林恆裕,03-9907755#606,宜蘭縣各鄉鎮市垃圾車APP清運點資料
宜蘭縣人工空氣品質監測站總懸浮微粒監測資料,環保局_空氣噪音防制科,江宜修,03-9907755#208,宜蘭縣人工空氣品質監測站總懸浮微粒監測資料
宜蘭縣已補助新購電動二輪車申請案查詢,環保局_空氣噪音防制科,楊家麒,03-9907755#209,宜蘭縣已補助新購電動二輪車申請案查詢
宜蘭縣加油站資料,環保局_水污染防治科,林彥斌,03-9907755#205,提供CSV、XML、JSON三種資料格式
宜蘭縣環保局各項計畫執行成果,環保局_行政科,楊晉昇,03-9907755#502,宜蘭縣環保局各項計畫執行成果
宜蘭縣有申請廢食用油工作證之合格清除機構,環保局_設施管理及檢驗科,劉雅芷,03-9907755#612,提供CSV、XML、JSON三種資料格式
宜蘭縣飲料販賣業提報減量計畫之優惠方案,環保局_廢棄物管理科,黃心潔,03-03-9907755#306,宜蘭縣飲料販賣業提報減量計畫之優惠方案
宜蘭縣自備環保杯享優惠業者名單,環保局_廢棄物管理科,黃心潔,03-9907755#306,宜蘭縣自備環保杯享優惠業者名單
宜蘭縣環保局招標公告,環保局_行政科,陸世強,03-9907755#501,宜蘭縣環保局招標公告
宜蘭縣環保局新聞稿,環保局_行政科,駱麗雪,03-9907755#505,宜蘭縣環保局新聞稿
宜蘭縣綠色商店名冊,環保局_綜合計劃科,何淑寬,03-9907755#160,宜蘭縣綠色商店名冊
宜蘭縣人工空氣品質監測站落塵量監測資料,環保局_空氣噪音防制科,江宜修,03-9907755#208,宜蘭縣人工空氣品質監測站落塵量監測資料
宜蘭縣各鄉鎮市清潔隊廚餘回收分類表,環保局_廢棄物管理科,黃心潔,03-9907755#306,宜蘭縣各鄉鎮市清潔隊廚餘回收分類表
宜蘭縣公民營清除處理機構名冊,環保局_設施管理及檢驗科,劉雅芷,03-9907755#602,宜蘭縣公民營清除處理機構名冊
宜蘭縣環保局環保大事記,環保局_行政科,駱麗雪,03-9907755#505,宜蘭縣環保局環保大事記
宜蘭縣廢棄車輛拖吊資料查詢系統,環保局_廢棄物管理科,歐俊民,03-9907755#303,提供民眾查詢廢棄車輛拖吊資料查詢。
宜蘭縣水質監測站基本資料,環保局_水污染防治科,林彥斌,03-9907755#804,宜蘭縣水質監測站基本資料提供CSV、XML、JSON三種資料格式
宜蘭縣機車排氣檢驗站資料,環保局_空氣噪音防制科,楊家騏,03-03-9907755#209,宜蘭縣機車排氣檢驗站資料
宜蘭縣公廁基本資料,環保局_廢棄物管理科,林惠珠,03-9907755#305,由宜蘭縣政府環保局所提供管轄內所有公共廁所座標資訊，方便民眾多加應用。
宜蘭縣已核發應回收廢棄物回收處理業登記名冊,環保局_空氣噪音防制科,歐俊民,03-03-9907755#303,宜蘭縣已核發應回收廢棄物回收處理業登記名冊
宜蘭縣電動機車充電站,環保局_空氣噪音防制科,楊家騏,03-03-9907755#209,宜蘭縣電動機車充電站地址
宜蘭縣領有病媒防治業許可執照業者名單,環保局_廢棄物管理科,吳承穎,03-9907755#311,本縣領有病媒防治業許可執照業者名單
宜蘭縣環保法規,環保局_法制,李家明,03-9907755#570,宜蘭縣環保法規
宜蘭縣噪音監測站名冊,環保局_空氣噪音防制科,楊博植,03-9907755#207,宜蘭縣噪音監測站名冊
宜蘭縣本縣各類噪音管制區公告,環保局_空氣噪音防制科,楊博植,03-9907755#207,宜蘭縣本縣各類噪音管制區公告
宜蘭縣歷年資源回收成果統計表,環保局_廢棄物管理科,黃心潔,03-9907755#606,宜蘭縣歷年資源回收成果統計表
宜蘭縣區域性地下水監測井基本資料,環保局_水污染防治科,潘莉雯,03-9907755#803,宜蘭縣區域性地下水監測井基本資料(區域性，由地方環保局進行監測)
宜蘭縣自來水水質監測與指標資料,環保局_水污染防治科,劉哲男,03-9907755#801,宜蘭縣自來水水質監測與指標資料
宜蘭縣人工空氣品質測站設置概況與測定項目,環保局_空氣噪音防制科,江宜修,03-9907755#208,宜蘭縣人工空氣品質測站設置概況與測定項目基本資料
宜蘭縣固定污染源自動連續監測系統(CEMS)開放資料,環保局_空氣噪音防制科,林旺明,03-9907755#204,相關說明：http:__cems.ilepb.gov.tw_OpenData_API使用說明：http:__cems.ilepb.gov.tw_OpenData_Public_ApiHelp.aspx
宜蘭縣民宿名冊,工商旅遊處_觀光行銷科,林建國,(03)925-1000-1872,宜蘭縣內已申請核准之民宿
宜蘭旅遊服務中心暨遊客中心,工商旅遊處_遊憩管理科宜蘭河轄區組,簡美珠,(03)931-2152,提供縣政府管轄及東北暨宜蘭海岸國家風景區管理處管轄之各風景區旅遊服務中心暨遊客中心資訊，民眾可免費諮詢相關旅遊訊息，並提供旅遊導覽資料等。
宜蘭縣寺廟慶典,民政處_宗教禮俗科,楊文彬,(03)925-1000,目前宜蘭縣提供縣內寺廟慶典一覽表
宜蘭縣災民收容所學校一覽表,教育處_教育資源管理科,吳怡,(03)925-1000,目前宜蘭縣災民收容所學校一覽表
106年度校舍地春節期間開放露營場地之學校名冊,教育處_教育資源管理科,吳怡,(03)925-1000,目前宜蘭縣106年度校舍地春節期間開放露營場地之學校名冊
宜蘭縣列管海岸資料,環保局_廢棄物管理科,孫沛豪,(03)990-7755#311,提供宜蘭縣列管海岸位置與通報單位資料(提供CSV_XML_JSON格式資料)
宜蘭縣各鄉鎮市公所公設廣告欄設置地點,環保局_空氣噪音防制科,蕭雪霞,(03)990-7755#309,提供宜蘭縣各鄉鎮市公所公設廣告欄設置地點資料(提供CSV_XML_JSON格式資料)
宜蘭縣經紀業名冊,地政處_地籍科,李維宸,(03)925-1000*1136,提供宜蘭縣經紀業名冊
宜蘭縣社區日曆,文化局_文化發展科,江小姐,(03)932-2440#305,"宜蘭縣每年皆會發行社區日曆, 由縣內挑選出12個社區, 做為每個月份的主題"
宜蘭縣宜蘭市公所最新公共債務情形表,財政處_財務企劃科,黃秋滋,(03)9325164#402,宜蘭市公所公共債務
宜蘭縣羅東鎮公所最新公共債務情形表,財政處_財務企劃科,林裳絹,(03)9545102#265,羅東鎮公所公共債務
宜蘭縣頭城鎮公所最新公共債務情形表,財政處_財務企劃科,林麗梅,(03)9772371#241,宜蘭縣頭城鎮公所最新債務
宜蘭縣礁溪鄉公所最新公共債務情形表,財政處_財務企劃科,陳淳婷,(03)9881311#504,礁溪鄉公所公共債務
宜蘭縣壯圍鄉公所最新公共債務情形表,財政處_財務企劃科,林瑞妙,(03)9383012#241,宜蘭縣壯圍鄉公所公共債務
宜蘭縣員山鄉公所最新公共債務情形表,財政處_財務企劃科,黃惠卿,(03)9231991#504,宜蘭縣員山鄉公所公共債務
宜蘭縣冬山鄉公所最新公共債務情形表,財政處_財務企劃科,方珮廷,(03)9591105#284,宜蘭縣冬山鄉公所最新債務
宜蘭縣蘇澳鎮公所最新公共債務情形表,財政處_財務企劃科,陳禹秀,(03)9973421#215,宜蘭縣蘇澳鎮公所最新債務
宜蘭縣五結鄉公所最新公共債務情形表,財政處_財務企劃科,楊濟瑄,(03)9501115#116,宜蘭縣五結鄉公所最新債務
宜蘭縣三星鄉公所最新公共債務情形表,財政處_財務企劃科,許心瑜,(03)9892018#291,宜蘭縣三星鄉公所最新債務
宜蘭縣大同鄉公所最新公共債務情形表,財政處_財務企劃科,李忠仁,(03)9801004#120,宜蘭縣大同鄉公所最新債務
宜蘭縣南澳鄉公所最新公共債務情形表,財政處_財務企劃科,劉嘉萍,(03)9981915#253,宜蘭縣南澳鄉公所最新債務
宜蘭縣最近5年房屋稅綜合統計表,地方稅務局_財產稅科,陳柏源,(03)932-5101#122,1.資料來源：本表係根據徵收檔資料編製。2.所屬期間：前一年7月1日至當年6月30日。3.單位：戶、平方公尺；新臺幣元。
105年已登記公私有土地筆數面積統計表,羅東地政事務所_登記課,課員林清富,(03)925-1000,已登記公私有土地筆數面積統計表
宜蘭縣最近5年契稅綜合統計表,地方稅務局_財產稅科,陳柏源,(03)932-5101#122,1.資料來源：本表係根據徵銷檔資料編製。2.單位：件；新臺幣元。3.所屬期間：每年1月1日至12月31日。
宜蘭縣最近5年地價稅稅源統計表,地方稅務局_土地稅科,吳昱緯,(03)9325101#227,宜蘭縣最近5年地價稅稅源統計表
宜蘭縣最近5年土地增值稅稅源統計表,地方稅務局_土地稅科,簡孜宇,(03)9325101分機254,宜蘭縣最近5年土地增值稅稅源統計
宜蘭縣街頭藝人通訊錄,文化局_表演藝術科,陳小姐,(03)936-9115#118,宜蘭縣街頭藝人通過認證審查之通訊錄
宜蘭縣母嬰親善醫療院所名單,衛生局_保健科,林業峰,(03)925-1000,宜蘭縣母嬰親善醫療院所名單
宜蘭縣友善哺乳場所及宜蘭縣哺(集)乳室,衛生局_保健科,林業峰,(03)925-1000,宜蘭縣友善哺乳場所及宜蘭縣哺(集)乳室
宜蘭縣促進民間參與公共建設案件一覽表,財政處_公有財產科,李怡萱,(03)925-1000,宜蘭縣促進民間參與公共建設案件一覽表
宜蘭縣政府無線充電放置地點,計畫處_資訊應用科,游先生,(03)925-1000#3356,宜蘭縣政府為推動智慧城市建設，在考量財政限制下，特別透過與民間公私協力，除了積極佈建無線wifi網路，近日為解決民眾來宜蘭旅遊時手機臨時電力不足，又找不到充電插頭時的窘境，在既有有線充電座之外，並與民間提供無線充電座的廠商合作，在縣內主要景點佈設免費無線充電座服務，除了讓民眾能夠隨時充電，同時體驗無線充電科技的便利性。
宜蘭縣立案人民團體名冊,社會處_社區發展及合作科,李勝楷,(03)932-8822#332,宜蘭縣立案人民團體資料
宜蘭縣IOC環境資料,計畫處_資訊應用科,黃先生,(03)925-1000#3355,宜蘭縣IOC示範平台所展示之環境盒子相關環境資訊。
1999專線及縣政信箱,計畫處_為民服務科,吳安榆,(03)925-1000*1973,提供縣民與政府間的溝通平台
宜蘭縣柴油車油品成份含硫量歷年查驗成果,環保局_空氣噪音防制科,江宜修,(03)9907755#208,提供宜蘭縣柴油車油品成份含硫量歷年查驗成果資料(CSV_XML_JSON)
宜蘭縣105學年度第2學期國民小學辦理兒童課後照顧服務班學校清單,教育處_課程發展科,李小姐,(03)925-1000分機2655,宜蘭縣105學年度第2學期國民小學辦理兒童課後照顧服務班學校清單
宜蘭縣柴油車各廠牌原廠保養維修廠地址資料,環保局_空氣噪音防制科,楊博植,(03)9907755分機207,提供宜蘭縣內柴油車各廠牌的原廠保養維修廠地址資料
宜蘭縣旅遊景點、學校、公廁等公共設施管理檢查執行情形報告表,環保局_廢棄物管理科,林惠珠,(03)9907755分機305,提供宜蘭縣旅遊景點、學校、公廁等公共設施管理檢查執行情形報告資料
空氣污染防制法-空氣品質標準,環保局_空氣噪音防制科,江宜修,(03)9907755分機208,提供空氣污染防制法之空氣品質標準各項標準值說明
空氣污染防制法-空氣品質標準之各項平均值意義說明,環保局_空氣噪音防制科,江宜修,(03)9907755分機208,提供空氣污染防制法空氣品質標準之各項平均值意義說明
宜蘭縣流感疫苗合約醫療院所,衛生局_疾病管制科,金淑萍,(03)925-1000,宜蘭縣流感疫苗合約醫療院所名冊
宜蘭縣政府地方稅務局員工人數,地方稅務局_人事室,人事室主任,(03)9325101轉190,提供宜蘭縣政府地方稅務局員工人數、年齡、學歷、職等、年資等資訊
宜蘭縣政府地方稅務局小客車使用牌照稅稅額表,地方稅務局_財產稅科,黃碧玲,(03)932-5101,提供宜蘭縣政府地方稅務局小客車使用牌照稅稅額表
宜蘭縣房屋稅徵收率,地方稅務局_財產稅科,林佩宣,(03)9325101-122,資料來源：本表係根據本縣房屋稅徵收率自治條例編製，自104年7月1日起適用。
105年宜蘭縣使用牌照稅稅源表,地方稅務局_財產稅科,黃碧玲,(03)932-5101#142,提供105年宜蘭縣使用牌照稅稅源表
104年宜蘭縣使用牌照稅稅源表,地方稅務局_財產稅科,黃碧玲,(03)932-5101#142,提供104年宜蘭縣使用牌照稅稅源表
宜蘭縣政府地方稅務局大客車及貨車使用牌照稅稅額表,地方稅務局_財產稅科,黃碧玲,(03)932-5101#142,提供宜蘭縣政府地方稅務局大客車及貨車使用牌照稅稅額表
宜蘭縣政府地方稅務局機器腳踏車使用牌照稅稅額表,地方稅務局_財產稅科,黃碧玲,(03)932-5101#142,提供宜蘭縣政府地方稅務局機器腳踏車使用牌照稅稅額表
宜蘭縣102年-104年地價稅累進起點地價及課稅級距表,地方稅務局_土地稅科,丁怡均,(03)9325101#227,提供宜蘭縣102年至104年地價稅累進起點地價及課稅級距表
宜蘭縣105年-106年地價稅累進起點地價及課稅級距表,地方稅務局_土地稅科,丁怡均,(03)9325101#227,提供宜蘭縣105年-106年地價稅累進起點地價及課稅級距表
100至105年宜蘭縣多元繳稅管道件數統計表,地方稅務局_資訊管理科,林佩芬,(03)932-5101分機307,繳稅管道件數統計
105年宜蘭縣政府地方稅務局全功能服務櫃臺服務項目統計表,地方稅務局_企劃服務科,許甘靜,(03)932-5101轉101,提供105年宜蘭縣政府地方稅務局全功能服務櫃臺服務項目統計表
101年度宜蘭縣政府地方稅務局歲出機關別決算表,地方稅務局_會計室,游雅鈴,(03)932-5101轉271,提供101年度宜蘭縣政府地方稅務局歲出機關別決算表
宜蘭縣政府地方稅務局106年度辦理廉政宣導社會參與活動一覽表,地方稅務局_政風室,謝孟樵,(03)9325101*210,政風室年度辦理宣導活動簡介
102年度宜蘭縣政府地方稅務局歲出機關別決算表,地方稅務局_會計室,游雅鈴,(03)932-5101轉271,提供102年度宜蘭縣政府地方稅務局歲出機關別決算表
103年度宜蘭縣政府地方稅務局歲出機關別決算表,地方稅務局_會計室,游雅鈴,(03)932-5101轉271,提供103年度宜蘭縣政府地方稅務局歲出機關別決算表
104年度宜蘭縣政府地方稅務局歲出機關別決算表,地方稅務局_會計室,游雅鈴,(03)932-5101轉271,提供104年度宜蘭縣政府地方稅務局歲出機關別決算表
105年度宜蘭縣政府地方稅務局歲入預算,地方稅務局_會計室,陳盈懿,(03)932-5101,105年度宜蘭縣政府地方稅務局歲入預算
宜蘭縣公私場所臭異味檢測結果,環保局_空氣噪音防制科,楊聖回,(03)9907755分機205,提供宜蘭縣公私場所臭異味檢測結果
101年度宜蘭縣娛樂稅稅源,地方稅務局_法務科,江麗芬,(03)9325101分機153,提供101年度宜蘭縣娛樂稅稅源
宜蘭縣稅務機關資訊表,地方稅務局_企劃服務科,企劃服務科一股股長,(03)932-5101#101,提供宜蘭縣稅務機關資訊表
宜蘭縣政府地方稅務局103年至105年線上服務案件一覽表,地方稅務局_企劃服務科,,(03)932-5101#101,提供宜蘭縣政府地方稅務局103年至105年線上服務案件一覽表
宜蘭縣政府地方稅務局103年至105年全功能櫃臺服務績效一覽表,地方稅務局_企劃服務科,企劃服務科一股股長,(03)932-5101#101,提供宜蘭縣政府地方稅務局103年至105年全功能櫃臺服務績效一覽表
105年度宜蘭縣政府地方稅務局各項稅捐實徵淨額,地方稅務局_會計室,陳盈懿,(03)9325101,105年度宜蘭縣政府地方稅務局各項稅捐實徵淨額
104年度宜蘭縣政府地方稅務局歲入決算,地方稅務局_會計室,陳盈懿,(03)932-5101,104年度宜蘭縣政府地方稅務局歲入決算
105年宜蘭縣政府地方稅務局本轄代發他機關作業統計表,地方稅務局_企劃服務科,企劃服務科一股股長,(03)932-5101#101,提供105年宜蘭縣政府地方稅務局本轄代發他機關作業統計表
宜蘭縣計程車業者(酒後代駕)叫車資訊一覽表,建設處_公共運輸科,李長晃,(03)925-1000,縣轄計程車行兼具提供酒後代駕服務計程車行叫車資訊
兒童及少年安置教養機構,社會處_兒少及婦女福利科,許廷兆,(03)932-8822#314,
早期療育服務通報轉介中心,社會處_老人及身障福利科,許廷兆,(03)932-8822#314,
兒童及少年福利服務中心,社會處_兒少及婦女福利科,許廷兆,(03)932-8822#314,
早期療育服務個案管理中心,社會處_老人及身障福利科,許廷兆,(03)932-8822#314,
身心障礙住宿機構,社會處_老人及身障福利科,許廷兆,(03)932-8822#314,
身心障礙福利機構,社會處_老人及身障福利科,許廷兆,(03)932-8822#314,
身心障礙福利日間照顧機構,社會處_老人及身障福利科,許廷兆,(03)932-8822#314,
公私立托育資源中心,社會處_兒少及婦女福利科,許廷兆,(03)932-8822#314,
公私立托嬰中心,社會處_兒少及婦女福利科,許廷兆,(03)932-8822#314,
老人福利機構,社會處_社區發展及合作科,許廷兆,(03)932-8822#314,
老人福利服務中心,社會處_社區發展及合作科,許廷兆,(03)932-8822#314,
單親及婦服務中心,社會處_兒少及婦女福利科,許廷兆,(03)932-8822#314,
輔具服務單位,社會處_社區發展及合作科,許廷兆,(03)932-8822#314,
日間照顧中心,社會處_社區發展及合作科,許廷兆,(03)932-8822#314,
家庭及性侵害防治中心,社會處_兒少及婦女福利科,許廷兆,(03)932-8822#314,
社區照顧關懷據點,社會處_社區發展及合作科,許廷兆,(03)932-8822#314,
社會服務中心,社會處_社會工作科,許廷兆,(03)932-8822#314,
高風險家庭關懷輔導處遇服務提供單位,社會處_社會工作科,許廷兆,(03)932-8822#314,
遊民收容位置及收容人,社會處_社會救助科,許廷兆,(03)932-8822#314,
新移民家庭服務中心,社會處_兒少及婦女福利科,許廷兆,(03)932-8822#314,
新住民社區服務據點,社會處_兒少及婦女福利科,許廷兆,(03)932-8822#314,
保母系統分布,社會處_兒少及婦女福利科,許廷兆,(03)932-8822#314,
社區家庭守護據點,社會處_兒少及婦女福利科,許廷兆,(03)932-8822#314,
收出養服務中心,社會處_兒少及婦女福利科,許廷兆,(03)932-8822#314,
人安養機構,社會處_老人及身障福利科,許廷兆,(03)932-8822#314,
社區家庭守護據點,社會處_兒少及婦女福利科,許廷兆,(03)932-8822#314,
二手輔具資源整合交換中心,社會處_社區發展及合作科,許廷兆,(03)932-8822#314,
身心障礙牙醫醫院所,社會處_老人及身障福利科,許廷兆,(03)932-8822#314,
身心障礙者復康巴士服務,社會處_老人及身障福利科,許廷兆,(03)932-8822#314,
身心障礙團體,社會處_老人及身障福利科,許廷兆,(03)932-8822#314,
失智症守護據點,社會處_老人及身障福利科,許廷兆,(03)932-8822#314,
人共餐據點,社會處_社區發展及合作科,許廷兆,(03)932-8822#314,
居家護理機構,社會處_社區發展及合作科,許廷兆,(03)932-8822#314,
避難收容所位置及收容人,社會處_社會救助科,許廷兆,(03)932-8822#314,
社區活動中心,社會處_社區發展及合作科,許廷兆,(03)932-8822#314,
村里辦公室,社會處_社區發展及合作科,許廷兆,(03)932-8822#314,
AED設置場所,社會處_社區發展及合作科,許廷兆,(03)932-8822#314,
衛生所,社會處_社區發展及合作科,許廷兆,(03)932-8822#314,
就業服務據點,社會處_勞工行政課,許廷兆,(03)932-8822#314,
物資銀服務據點,社會處_社會救助科,許廷兆,(03)932-8822#314,
社區發展協會,社會處_社區發展及合作科,許廷兆,(03)932-8822#314,
社會志願服務團隊,社會處_社區發展及合作科,許廷兆,(03)932-8822#314,
公團體,社會處_社區發展及合作科,許廷兆,(03)932-8822#314,
執業社工師分布,社會處_社會工作科,許廷兆,(03)932-8822#314,
106年度宜蘭縣政府地方稅務局歲出預算,地方稅務局_會計室,簡素月,(03)9325101#272,106年度宜蘭縣政府地方稅務局歲出預算
宜蘭歷史上的今天,縣史館_文獻組,吳小姐,(03)925-5488分機5014,"以事件發生的月日為基礎, 由宜蘭縣史館收集匯整至西元2007年, 在宜蘭地方發生的歷史重大紀事"
歡樂宜蘭年全紀錄,文化局_文化發展科,江小姐,(03)932-2440分機305,"文化局自1994年開始辦理歡樂宜蘭年, 本資料集述歷年主題及紅包等相關資訊"
宜蘭縣歷史建築,文化局_文化資產科,莊小姐,(03)932-2440分機606,宜蘭縣歷史建築資訊
宜蘭縣演藝團體名冊,文化局_表演藝術科,林小姐,(03)936-9115分機115,宜蘭縣演藝事業團體名冊
宜蘭縣遺址,文化局_文化資產科,莊小姐,(03)932-2440分機606,宜蘭縣遺址資訊
宜蘭縣街頭藝人通訊錄,文化局_表演藝術科,周先生,(03)936-9115分機116,宜蘭縣政府文化局為建立街頭藝人從事藝文活動制度，已於97年1月發布「宜蘭縣街頭藝人從藝文活動許可辦法」，並從97年辦理街頭藝人審查活動起至今，本資料集收錄通過審核之最新宜蘭縣街頭藝人通訊錄。
宜蘭縣文化景觀,文化局_文化資產科,莊小姐,(03)932-2440分機606,宜蘭縣文化景觀資訊
宜蘭縣古物,文化局_文化資產科,莊小姐,(03)932-2440分機606,宜蘭縣古物資訊
宜蘭縣街頭藝人展演空間,文化局_表演藝術科,周先生,(03)936-9115分機116,收錄全宜蘭縣街頭藝人展演公共空間地點
宜蘭縣童玩節親善大使全紀錄,文化局_文化資產科,邱小姐,(03)932-2440分機604,"宜蘭縣每年暑假舉辦宜蘭國際童玩藝術節, 邀請許多國外表演團體到宜蘭演出, 為歡迎這些國外友人, 每年在童玩節前皆
會舉辦親善大使甄選, 由在地的團體或家庭代表宜蘭接招國外團體, 本資料集提供親善大使團紀錄"
宜蘭縣宜蘭美展畫冊,文化局_視覺藝術科,蔡小姐,(03)932-2440分機510,"宜蘭美展自2015年起更名為宜蘭獎, 為拓展宜蘭美術發展，提升美術創作能量，於每年辦理宜蘭獎徵件活動。本資料集為
每年宜蘭獎畫冊描述。"
宜蘭縣古蹟,文化局_文化資產科,莊小姐,(03)932-2440分機606,宜蘭縣古蹟資料
宜蘭縣民俗及文物,文化局_文化資產科,莊小姐,(03)932-2440分機606,宜蘭縣民俗及文物資料
宜蘭縣童玩節采風錄,文化局_蘭陽文教,蘭陽文教基金會,(03)935-4766,宜蘭國際童玩藝術節國外團隊表演采風錄資料
宜蘭縣童玩節團隊贈禮紀錄,文化局_文化發展科,童玩節媒宣組,(03)932-2440,"宜蘭國際童玩藝術節每年邀請許多國內外表演團隊到宜蘭演出, 團隊於童玩節演出最後一場皆會進行團隊贈禮儀式, 與大
會交換紀念禮物。本資料集收錄贈禮紀錄。"
宜蘭縣蘭陽文學獎,文化局_文學及圖書資訊科,林小姐,(03)932-2440分機209,蘭陽文學獎獲獎資料
103年度宜蘭縣政府地方稅務局歲入決算,地方稅務局_會計室,陳盈懿,(03)9325101,103年度宜蘭縣政府地方稅務局歲入決算
102年度宜蘭縣政府地方稅務局歲入決算,地方稅務局_會計室,陳盈懿,(03)9325101,102年度宜蘭縣政府地方稅務局歲入決算
101年度宜蘭縣政府地方稅務局歲入決算,地方稅務局_會計室,陳盈懿,(03)932-5101,101年度宜蘭縣政府地方稅務局歲入決算
101年度宜蘭縣政府地方稅務局歲入預算,地方稅務局_會計室,陳盈懿,(03)932-5101,101年度宜蘭縣政府地方稅務局歲入預算
102年度宜蘭縣政府地方稅務局歲入預算,地方稅務局_會計室,陳盈懿,(03)932-5101,102年度宜蘭縣政府地方稅務局歲入預算
宜蘭縣中興文化創意園區公共停車場剩餘車位,文化局_知識中心,林先生,(03)965-5440分機205,"本資料集由API介接, 提供宜蘭縣五結鄉中興文化創意園區停車場動態剩餘車位數量, 約每2分鐘更新一次內容資訊."
宜蘭縣102年查(核)定開徵數情形,地方稅務局_資訊管理科,潘靜儒,(03)9325-101#321,提供宜蘭縣102年查(核)定開徵數情形
宜蘭縣103年查(核)定開徵數情形,地方稅務局_資訊管理科,潘靜儒,(03)9325-101#321,提供宜蘭縣103年查(核)定開徵數情形
宜蘭縣104年查(核)定開徵數情形,地方稅務局_資訊管理科,潘靜儒,(03)9325-101#321,提供宜蘭縣104年查(核)定開徵數情形
宜蘭縣105年查(核)定開徵數情形,地方稅務局_資訊管理科,潘靜儒,(03)9325-101#321,提供宜蘭縣105年查(核)定開徵數情形
104年度宜蘭縣政府地方稅務局各項稅捐實徵淨額,地方稅務局_會計室,陳盈懿,(03)9325101,104年度宜蘭縣政府地方稅務局各項稅捐實徵淨額
103年度宜蘭縣政府地方稅務局各項稅捐實徵淨額,地方稅務局_會計室,陳盈懿,(03)9325101,103年度宜蘭縣政府地方稅務局各項稅捐實徵淨額
102年度宜蘭縣政府地方稅務局各項稅捐實徵淨額,地方稅務局_會計室,陳盈懿,(03)9325101,102年度宜蘭縣政府地方稅務局各項稅捐實徵淨額
101年度宜蘭縣政府地方稅務局各項稅捐實徵淨額,地方稅務局_會計室,陳盈懿,(03)9325101,101年度宜蘭縣政府地方稅務局各項稅捐實徵淨額
104年度宜蘭縣政府地方稅務局歲入預算,地方稅務局_會計室,陳盈懿,(03)9325101,104年度宜蘭縣政府地方稅務局歲入預算
103年度宜蘭縣政府地方稅務局歲入預算,地方稅務局_會計室,陳盈懿,(03)9325101,103年度宜蘭縣政府地方稅務局歲入預算
106年度宜蘭縣政府地方稅務局歲入預算,地方稅務局_會計室,陳盈懿,(03)9325101,106年度宜蘭縣政府地方稅務局歲入預算
104年宜蘭縣政府地方稅務局本轄代發他機關作業統計表,地方稅務局_企劃服務科,企劃服務科一股股長,(03)932-5101#101,提供104年宜蘭縣政府地方稅務局本轄代發他機關作業統計表
103年宜蘭縣政府地方稅務局本轄代發他機關作業統計表,地方稅務局_企劃服務科,企劃服務科一股股長,(03)932-5101#101,提供103年宜蘭縣政府地方稅務局本轄代發他機關作業統計表
105年度宜蘭縣政府地方稅務局歲出預算,地方稅務局_會計室,簡素月,(03)9325101#272,105年度宜蘭縣政府地方稅務局歲出預算
104年度宜蘭縣政府地方稅務局歲出預算,地方稅務局_會計室,簡素月,(03)9325101#272,104年度宜蘭縣政府地方稅務局歲出預算
103年度宜蘭縣政府地方稅務局歲出預算,地方稅務局_會計室,簡素月,(03)9325101#272,103年度宜蘭縣政府地方稅務局歲出預算
102年度宜蘭縣政府地方稅務局歲出預算,地方稅務局_會計室,簡素月,(03)9325101#272,102年度宜蘭縣政府地方稅務局歲出預算
101年度宜蘭縣政府地方稅務局歲出預算,地方稅務局_會計室,簡素月,(03)9325101#272,101年度宜蘭縣政府地方稅務局歲出預算
102年度宜蘭縣娛樂稅稅源,地方稅務局_法務科,江麗芬,(03)9325101分機153,提供102年度宜蘭縣娛樂稅稅源
103年度宜蘭縣娛樂稅稅源,地方稅務局_法務科,江麗芬,(03)9325101分機153,提供103年度宜蘭縣娛樂稅稅源
104年度宜蘭縣娛樂稅稅源,地方稅務局_法務科,江麗芬,(03)9325101分機153,提供104年度宜蘭縣娛樂稅稅源
105年度宜蘭縣娛樂稅稅源,地方稅務局_法務科,江麗芬,(03)9325101分機153,提供105年度宜蘭縣娛樂稅稅源
104年宜蘭縣政府地方稅務局全功能服務櫃臺服務項目統計表,地方稅務局_企劃服務科,企劃服務科一股股長,(03)932-5101#101,提供104年宜蘭縣政府地方稅務局全功能服務櫃臺服務項目統計表
101年宜蘭縣政府地方稅務局受理各稅目行政救濟案件統計表,地方稅務局_法務科,江麗芬,(03)9325101分機153,提供101年宜蘭縣政府地方稅務局受理各稅目行政救濟案件統計表
102年宜蘭縣政府地方稅務局受理各稅目行政救濟案件統計表,地方稅務局_法務科,江麗芬,(03)9325101分機153,提供102年宜蘭縣政府地方稅務局受理各稅目行政救濟案件統計表
103年宜蘭縣政府地方稅務局受理各稅目行政救濟案件統計表,地方稅務局_法務科,江麗芬,(03)9325101分機153,提供103年宜蘭縣政府地方稅務局受理各稅目行政救濟案件統計表
104年宜蘭縣政府地方稅務局受理各稅目行政救濟案件統計表,地方稅務局_法務科,江麗芬,(03)9325101分機153,提供104年宜蘭縣政府地方稅務局受理各稅目行政救濟案件統計表
105年宜蘭縣政府地方稅務局受理各稅目行政救濟案件統計表,地方稅務局_法務科,江麗芬,(03)9325101分機153,提供105年宜蘭縣政府地方稅務局受理各稅目行政救濟案件統計表
103年宜蘭縣政府地方稅務局全功能服務櫃臺服務項目統計表,地方稅務局_企劃服務科,企劃服務科一股股長,(03)932-5101#101,提供103年宜蘭縣政府地方稅務局全功能服務櫃臺服務項目統計表
102年宜蘭縣政府地方稅務局全功能服務櫃臺服務項目統計表,地方稅務局_企劃服務科,企劃服務科一股股長,(03)932-5101#101,提供102年宜蘭縣政府地方稅務局全功能服務櫃臺服務項目統計表
101年宜蘭縣政府地方稅務局全功能服務櫃臺服務項目統計表,地方稅務局_企劃服務科,企劃服務科一股股長,(03)932-5101#101,提供101年宜蘭縣政府地方稅務局全功能服務櫃臺服務項目統計表
宜蘭縣機車排氣定檢通知名冊資料,環保局_空氣噪音防制科,江宜修,(03)9907755分機208,提供宜蘭縣籍機車排氣定檢起訖年月之通知名冊資料
宜蘭縣政府地方稅務局105年視訊服務件數統計表,地方稅務局_企劃服務科,企劃服務科一股股長,(03)932-5101#101,提供宜蘭縣政府地方稅務局105年視訊服務件數統計表
宜蘭縣政府地方稅務局104年視訊服務件數統計表,地方稅務局_企劃服務科,企劃服務科一股股長,(03)932-5101#101,提供宜蘭縣政府地方稅務局104年視訊服務件數統計表
宜蘭縣政府地方稅務局103年視訊服務件數統計表,地方稅務局_企劃服務科,企劃服務科一股股長,(03)932-5101#101,提供宜蘭縣政府地方稅務局103年視訊服務件數統計表
宜蘭縣政府地方稅務局102年視訊服務件數統計表,地方稅務局_企劃服務科,企劃服務科一股股長,(03)932-5101#101,提供宜蘭縣政府地方稅務局102年視訊服務件數統計表
已登錄土地面積,主計處_統計科,,(03)925-1000,已登錄土地面積
105年統計年報,主計處_統計科,,(03)925-1000,105年統計年報
實施三七五減租成果,主計處_統計科,,(03)925-1000,實施三七五減租成果
土地徵收面積(88-101年),主計處_統計科,,(03)925-1000,土地徵收面積(88-101年)
土地徵收面積(102年以後),主計處_統計科,,(03)925-1000,土地徵收面積(102年以後)
公地撥用面積-年依期間_鄉鎮別與項目別,主計處_統計科,,(03)925-1000,公地撥用面積-年依期間_鄉鎮別與項目別
現住戶數、人口密度及性比例-年依期間_鄉鎮市與項目,主計處_統計科,,(03)925-1000,現住戶數、人口密度及性比例-年依期間_鄉鎮市與項目
戶籍動態(88-101年)-年依期間_鄉鎮市與項目,主計處_統計科,,(03)925-1000,戶籍動態(88-101年)-年依期間_鄉鎮市與項目
戶籍動態(102-103年)-年依期間_鄉鎮市與項目,主計處_統計科,,(03)925-1000,戶籍動態(102-103年)-年依期間_鄉鎮市與項目
戶籍動態(104年後)-年依期間_鄉鎮市與項目,主計處_統計科,,(03)925-1000,戶籍動態(104年後)-年依期間_鄉鎮市與項目
現住人口之年齡分配－依5歲間距-年依期間_鄉鎮市_男_女與年齡層,主計處_統計科,,(03)925-1000,現住人口之年齡分配－依5歲間距-年依期間_鄉鎮市_男_女與年齡層
現住人口之年齡分配－依5歲間距-年依期間_鄉鎮市_男_女與年齡層,主計處_統計科,,(03)925-1000,現住人口之年齡分配－依5歲間距-年依期間_鄉鎮市_男_女與年齡層
現住人口之年齡分配－依老幼-年依期間_鄉鎮市與項目,主計處_統計科,,(03)925-1000,現住人口之年齡分配－依老幼-年依期間_鄉鎮市與項目
滿15歲以上現住人口之教育程度－依年齡(88-101年)-年依期間_年齡層_男_女與項目,主計處_統計科,,(03)925-1000,滿15歲以上現住人口之教育程度－依年齡(88-101年)-年依期間_年齡層_男_女與項目
滿15歲以上現住人口之教育程度－依年齡(102年後)-年依期間_年齡層_男_女,主計處_統計科,,(03)925-1000,滿15歲以上現住人口之教育程度－依年齡(102年後)-年依期間_年齡層_男_女
滿15歲以上現住人口之教育程度－依鄉鎮市(88-101年)-年依期間_鄉鎮市_男_女與項目,主計處_統計科,,(03)925-1000,滿15歲以上現住人口之教育程度－依鄉鎮市(88-101年)-年依期間_鄉鎮市_男_女與項目
滿15歲以上現住人口之教育程度－依鄉鎮市(102年後)-年依期間_鄉鎮市_男_女與項目,主計處_統計科,,(03)925-1000,滿15歲以上現住人口之教育程度－依鄉鎮市(102年後)-年依期間_鄉鎮市_男_女與項目
現住人口之婚姻狀況－依年齡-年依期間_年齡層_婚姻與男_女,主計處_統計科,,(03)925-1000,現住人口之婚姻狀況－依年齡-年依期間_年齡層_婚姻與男_女
現住人口之婚姻狀況－依鄉鎮市-年依期間_鄉鎮市_婚姻與男_女,主計處_統計科,,(03)925-1000,現住人口之婚姻狀況－依鄉鎮市-年依期間_鄉鎮市_婚姻與男_女
現住原住民戶口數-年依期間_鄉鎮市與項目,主計處_統計科,,(03)925-1000,現住原住民戶口數-年依期間_鄉鎮市與項目
現住原住民年齡分配-年依期間_鄉鎮市_男_女與年齡層,主計處_統計科,,(03)925-1000,現住原住民年齡分配-年依期間_鄉鎮市_男_女與年齡層
"現住原住民教育程度(92-101年)-年依期間_年齡層_男_女_平地_山地與""。本資",主計處_統計科,,(03)925-1000,"現住原住民教育程度(92-101年)-年依期間_年齡層_男_女_平地_山地與""。本資"
現住原住民教育程度(88-91年)-年依期間_鄉鎮市_男_女_平地_山地與項目,主計處_統計科,,(03)925-1000,現住原住民教育程度(88-91年)-年依期間_鄉鎮市_男_女_平地_山地與項目
現住原住民教育程度(102年後)-年依期間_年齡層_男_女_平地_山地與項目,主計處_統計科,,(03)925-1000,現住原住民教育程度(102年後)-年依期間_年齡層_男_女_平地_山地與項目
現住原住民婚姻狀況(92年後)-年依期間_年齡層_平地_山地_婚姻與男_女,主計處_統計科,,(03)925-1000,現住原住民婚姻狀況(92年後)-年依期間_年齡層_平地_山地_婚姻與男_女
現住原住民婚姻狀況(88-91年)-年依期間_鄉鎮市_平地_山地與項目,主計處_統計科,,(03)925-1000,現住原住民婚姻狀況(88-91年)-年依期間_鄉鎮市_平地_山地與項目
103年宜蘭縣使用牌照稅稅源表,地方稅務局_財產稅科,黃碧玲,(03)932-5101#142,提供103年宜蘭縣使用牌照稅稅源表
102年宜蘭縣使用牌照稅稅源表,地方稅務局_財產稅科,黃碧玲,(03)932-5101#142,提供102年宜蘭縣使用牌照稅稅源表
101年宜蘭縣使用牌照稅稅源表,地方稅務局_財產稅科,黃碧玲,(03)932-5101#142,提供101年宜蘭縣使用牌照稅稅源表
宜蘭縣房屋構造別代號暨折舊率對照表,地方稅務局_財產稅科,林佩宣,(03)9325101-122,資料來源：本表係依據宜蘭縣政府104年6月24日府稅財字第1040112533號公告編製，自104年7月1日起施行。
宜蘭縣107年度淘汰二行程機車與新購電動機車補助資訊,環保局_空氣噪音防制科,楊家騏,(03)990-7755分機209,提供宜蘭縣107年度補助淘汰二行程機車與補助新購電動機車資訊
宜蘭縣移動污染源排氣檢測複檢通知,環保局_空氣噪音防制科,楊家騏,(03)990-7755#209,提供宜蘭縣機車排氣檢測複檢通知限期改善日期及通知事由
106年度宜蘭縣庫款集中支付年報表,財政處_庫款支付科,連玉女,(03)925-1000-2815,支付淨額：支付數減支出收回數、註銷數後之餘額
宜蘭縣各鄉鎮市環保志工隊名單,環保局_空氣噪音防制科,謝欣妤,(03)990-7755#158,提供宜蘭縣各鄉鎮市環保志工隊名單
